n_subjects	mode	time	memory
10	no-database-load	1.3430759906768799	67.3671875
10	database-load	2.4682388305664062	67.59375
100	no-database-load	2.450968027114868	108.828125
100	database-load	1.847687005996704	108.765625
1000	no-database-load	19.769662857055664	517.59375
1000	database-load	1.9314520359039307	393.2109375
10000	no-database-load	214.88297200202942	4187.328125
10000	database-load	2.5252511501312256	2779.8671875
